,대지위치,주용도코드명,자전거전용도로비율,stcnsDelayDay,실제착공일,지역코드명
0,서울특별시 강남구 개포동 12번지, , , ,20011210, 
1,서울특별시 강남구 개포동 12번지, , , , , 
2,서울특별시 강남구 개포동 12번지, , , , , 
3,서울특별시 강남구 개포동 12번지, , , , , 
4,서울특별시 강남구 개포동 12-4번지,문화및집회시설, , , ,일반주거지역
5,서울특별시 강남구 개포동 12-4번지, , , , ,일반주거지역
6,서울특별시 강남구 개포동 12-4번지,제1종근린생활시설, , , ,도시지역
7,서울특별시 강남구 개포동 12-4번지,제2종근린생활시설, , , ,제3종일반주거지역
8,서울특별시 강남구 개포동 12-4번지,교육연구시설, , , , 
9,서울특별시 강남구 개포동 12-4번지,제2종근린생활시설, , , ,제3종일반주거지역
10,서울특별시 강남구 개포동 12-4번지,제1종근린생활시설, , , , 
11,서울특별시 강남구 개포동 12-4번지,제2종근린생활시설, , , , 
12,서울특별시 강남구 개포동 12-4번지,제2종근린생활시설, , , , 
13,서울특별시 강남구 개포동 12-4번지,제2종근린생활시설, , , ,상대보호구역
14,서울특별시 강남구 개포동 12-4번지,제2종근린생활시설, , , ,제3종일반주거지역
15,서울특별시 강남구 개포동 12-4번지,제2종근린생활시설, , , ,상대보호구역
16,서울특별시 강남구 개포동 12-4번지,제1종근린생활시설, , , ,상대보호구역
17,서울특별시 강남구 개포동 12-4번지,제1종근린생활시설, , , ,제3종일반주거지역
18,서울특별시 강남구 개포동 12-4번지,제2종근린생활시설, , , ,제3종일반주거지역
19,서울특별시 강남구 개포동 12-4번지,제1종근린생활시설, , , , 
20,서울특별시 강남구 개포동 12-4번지,제1종근린생활시설, , , ,제3종일반주거지역
21,서울특별시 강남구 개포동 12-4번지,제1종근린생활시설, , , ,제3종일반주거지역
22,서울특별시 강남구 개포동 12-4번지,제2종근린생활시설, , , ,도시지역
23,서울특별시 강남구 개포동 13-3번지,업무시설, , , , 
24,서울특별시 강남구 개포동 13-3번지,업무시설, , , ,일반상업지역
25,서울특별시 강남구 개포동 13-3번지,업무시설, , , ,일반상업지역
26,서울특별시 강남구 개포동 13-3번지,업무시설, , , ,일반상업지역
27,서울특별시 강남구 개포동 13-3번지,업무시설, , , ,일반상업지역
28,서울특별시 강남구 개포동 13-3번지,업무시설, , , ,일반상업지역
29,서울특별시 강남구 개포동 13-3번지,업무시설, , , , 
30,서울특별시 강남구 개포동 13-3번지,업무시설, , , ,도시지역
31,서울특별시 강남구 개포동 13-3번지,판매시설, , , ,일반상업지역
32,서울특별시 강남구 개포동 13-3번지,판매시설, , , ,도시지역
33,서울특별시 강남구 개포동 13-3번지,업무시설, , , ,일반상업지역
34,서울특별시 강남구 개포동 13-3번지,업무시설, , , ,가로구역별 최고높이 제한지역
35,서울특별시 강남구 개포동 13-3번지,판매시설, , , ,가로구역별 최고높이 제한지역
36,서울특별시 강남구 개포동 14번지,업무시설, , , ,제2종일반주거지역
37,서울특별시 강남구 개포동 14번지,업무시설, , , , 
38,서울특별시 강남구 개포동 14번지, , , , ,제2종일반주거지역
39,서울특별시 강남구 개포동 14번지,업무시설, , , ,제2종일반주거지역
40,서울특별시 강남구 개포동 14번지,업무시설, , , ,제2종일반주거지역
41,서울특별시 강남구 개포동 14번지, , , , ,제2종일반주거지역
42,서울특별시 강남구 개포동 14번지,업무시설,20220329, ,20220419,상대보호구역
43,서울특별시 강남구 개포동 14번지, , , , , 
44,서울특별시 강남구 개포동 14번지, , , , ,상대보호구역
45,서울특별시 강남구 개포동 14번지, , , , ,제2종일반주거지역
46,서울특별시 강남구 개포동 14번지,업무시설,20220627, ,20220708,상대보호구역
47,서울특별시 강남구 개포동 14-1번지,판매시설, , , ,도시지역
48,서울특별시 강남구 개포동 14-1번지,업무시설, , , ,일반상업지역
49,서울특별시 강남구 개포동 14-3번지,종교시설,20120709, ,20120709,도시지역
50,서울특별시 강남구 개포동 14-4번지, , , , , 
51,서울특별시 강남구 개포동 14-4번지,업무시설, , , ,도시지역
52,서울특별시 강남구 개포동 14-4번지,업무시설, , , ,도시지역
53,서울특별시 강남구 개포동 14-4번지,업무시설, , , ,제3종일반주거지역
54,서울특별시 강남구 개포동 14-4번지, , , , ,상대보호구역
55,서울특별시 강남구 개포동 138번지, , , , , 
56,서울특별시 강남구 개포동 138번지, , , , ,제2종일반주거지역
57,서울특별시 강남구 개포동 138번지, , , , , 
58,서울특별시 강남구 개포동 138번지, , , , , 
59,서울특별시 강남구 개포동 138번지, , , , , 
60,서울특별시 강남구 개포동 138번지, , , , , 
61,서울특별시 강남구 개포동 138번지, , , , , 
62,서울특별시 강남구 개포동 138번지, , , , , 
63,서울특별시 강남구 개포동 138번지, , , , ,상대보호구역
64,서울특별시 강남구 개포동 138번지,공동주택, , , ,제2종일반주거지역
65,서울특별시 강남구 개포동 138번지,공동주택,20160820, , ,제2종일반주거지역
66,서울특별시 강남구 개포동 138-1번지, , , , , 
67,서울특별시 강남구 개포동 140번지, , , , , 
68,서울특별시 강남구 개포동 140번지, , , , ,도시지역
69,서울특별시 강남구 개포동 140번지, , , , , 
70,서울특별시 강남구 개포동 140번지, , , , , 
71,서울특별시 강남구 개포동 140번지, , , , ,도시지역
72,서울특별시 강남구 개포동 140번지, , , , ,도시지역
73,서울특별시 강남구 개포동 140번지, , , , ,도시지역
74,서울특별시 강남구 개포동 140번지, , , , ,도시지역
75,서울특별시 강남구 개포동 140번지, , , , , 
76,서울특별시 강남구 개포동 140번지, , , , , 
77,서울특별시 강남구 개포동 142번지, , , , ,상대보호구역
78,서울특별시 강남구 개포동 153번지,교육연구시설, , , ,도시지역
79,서울특별시 강남구 개포동 153번지, , , , ,제2종일반주거지역
80,서울특별시 강남구 개포동 153번지,교육연구시설,20181214, ,20181213,제2종일반주거지역
81,서울특별시 강남구 개포동 153번지,교육연구시설, , , ,도시지역
82,서울특별시 강남구 개포동 155번지,공동주택, , ,20000726,일반주거지역
83,서울특별시 강남구 개포동 157번지,제1종근린생활시설, , , ,준주거지역
84,서울특별시 강남구 개포동 157번지, , , , , 
85,서울특별시 강남구 개포동 157번지,제1종근린생활시설,20161124, ,20161123,준주거지역
86,서울특별시 강남구 개포동 157-1번지,문화및집회시설,20000331, ,20000414,준주거지역
87,서울특별시 강남구 개포동 157-9번지,공동주택,20110103, ,20101231,도시지역
88,서울특별시 강남구 개포동 157-9번지,교육연구및복지시설, , , ,준주거지역
89,서울특별시 강남구 개포동 157-15번지,제2종근린생활시설, , ,20010407,제1종일반주거지역
90,서울특별시 강남구 개포동 158번지,제2종근린생활시설,20091025,20100501,20091207,준주거지역
91,서울특별시 강남구 개포동 158-7번지,제2종근린생활시설, , , ,도시지역
92,서울특별시 강남구 개포동 158-7번지,제1종근린생활시설,20180410, ,20180409,준주거지역
93,서울특별시 강남구 개포동 158-8번지,제2종근린생활시설, , , ,일반주거지역
94,서울특별시 강남구 개포동 158-8번지,제1종근린생활시설,20160924, ,20160922,준주거지역
95,서울특별시 강남구 개포동 158-11번지,제2종근린생활시설, , , ,도시지역
96,서울특별시 강남구 개포동 158-12번지,제2종근린생활시설,20070716, , ,준주거지역
97,서울특별시 강남구 개포동 158-12번지,제2종근린생활시설, , , , 
98,서울특별시 강남구 개포동 159-2번지,업무시설, , , ,상대보호구역
99,서울특별시 강남구 개포동 159-4번지,단독주택, , , ,준주거지역
100,서울특별시 강남구 개포동 159-5번지,공동주택, , , ,준주거지역
101,서울특별시 강남구 개포동 159-7번지,제1종근린생활시설, , , ,준주거지역
102,서울특별시 강남구 개포동 160번지,공동주택,20020301, ,20020313,도시지역
103,서울특별시 강남구 개포동 160-3번지,공동주택, ,20050910, ,관리지역
104,서울특별시 강남구 개포동 160-5번지,공동주택,20110601, ,20110601,준주거지역
105,서울특별시 강남구 개포동 160-6번지,단독주택,20120412, ,20120406,준주거지역
106,서울특별시 강남구 개포동 160-6번지,공동주택, , , ,준주거지역
107,서울특별시 강남구 개포동 161-2번지,단독주택,20100819, ,20100819,제2종일반주거지역
108,서울특별시 강남구 개포동 161-4번지,단독주택,20140227, ,20140228,제2종일반주거지역
109,서울특별시 강남구 개포동 163번지,공동주택,20031007, ,20031027,일반주거지역
110,서울특별시 강남구 개포동 163-1번지,공동주택,20170105, ,20170125,도시지역
111,서울특별시 강남구 개포동 163-5번지,제2종근린생활시설, , , , 
112,서울특별시 강남구 개포동 164번지,제2종근린생활시설,20010305, ,20010306,일반주거지역
113,서울특별시 강남구 개포동 164-1번지, , , , , 
114,서울특별시 강남구 개포동 164-1번지,교육연구시설,20150320, ,20150324,도시지역
115,서울특별시 강남구 개포동 164-1번지,교육연구시설,20210801, ,20210806,제2종일반주거지역
116,서울특별시 강남구 개포동 164-2번지,제2종근린생활시설, , , ,도시지역
117,서울특별시 강남구 개포동 164-4번지,공동주택,20030315, ,20030415,일반주거지역
118,서울특별시 강남구 개포동 164-4번지,공동주택, , , ,제2종일반주거지역
119,서울특별시 강남구 개포동 164-5번지,제2종근린생활시설,20230320, ,20230316,도시지역
120,서울특별시 강남구 개포동 164-9번지, , , , , 
121,서울특별시 강남구 개포동 164-9번지,공동주택,20160215, ,20170217,제2종일반주거지역
122,서울특별시 강남구 개포동 165번지,공동주택, , , ,일반주거지역
123,서울특별시 강남구 개포동 165번지,공동주택, , , ,제2종일반주거지역
124,서울특별시 강남구 개포동 165번지,제1종근린생활시설, , , ,제2종일반주거지역
125,서울특별시 강남구 개포동 165-6번지,제2종근린생활시설, , , ,일반주거지역
126,서울특별시 강남구 개포동 166-1번지,단독주택, , , ,준주거지역
127,서울특별시 강남구 개포동 166-1번지,단독주택, , , ,준주거지역
128,서울특별시 강남구 개포동 166-2번지,공동주택,20040715,20041010,20040915,도시지역
129,서울특별시 강남구 개포동 166-2번지,제2종근린생활시설,199908, , , 
130,서울특별시 강남구 개포동 166-3번지,공동주택,20030310, ,20030513,준주거지역
131,서울특별시 강남구 개포동 166-4번지,공동주택,20020430, ,20020506,준주거지역
132,서울특별시 강남구 개포동 166-6번지,공동주택, , , ,준주거지역
133,서울특별시 강남구 개포동 166-7번지,공동주택, , ,20010602,준주거지역
134,서울특별시 강남구 개포동 166-8번지,공동주택, , ,20010602,준주거지역
135,서울특별시 강남구 개포동 167-9번지,제1종근린생활시설,20220101, ,20220114,도시지역
136,서울특별시 강남구 개포동 168-2번지,제2종근린생활시설, , , ,제3종일반주거지역
137,서울특별시 강남구 개포동 168-5번지,제2종근린생활시설, , , ,도시지역
138,서울특별시 강남구 개포동 168-7번지, , , , ,제3종일반주거지역
139,서울특별시 강남구 개포동 168-7번지, , , , ,제3종일반주거지역
140,서울특별시 강남구 개포동 168-10번지, , , , ,일반주거지역
141,서울특별시 강남구 개포동 168-10번지,제2종근린생활시설, , , , 
142,서울특별시 강남구 개포동 168-11번지, , , , ,일반주거지역
143,서울특별시 강남구 개포동 169번지,제2종근린생활시설, , , ,도시지역
144,서울특별시 강남구 개포동 169-1번지, , , ,19970305,일반주거지역
145,서울특별시 강남구 개포동 169-2번지,단독주택,20170217, ,20170224,제3종일반주거지역
146,서울특별시 강남구 개포동 169-8번지,공동주택,20220610, ,20220621,상대보호구역
147,서울특별시 강남구 개포동 169-10번지,제2종근린생활시설, , , ,제3종일반주거지역
148,서울특별시 강남구 개포동 170-4번지,공동주택,20170627, ,20170705,제2종일반주거지역
149,서울특별시 강남구 개포동 170-6번지,공동주택,20010325, ,20020330,일반주거지역
150,서울특별시 강남구 개포동 170-12번지,단독주택,20020506, ,20020521,일반주거지역
151,서울특별시 강남구 개포동 170-13번지, , , , , 
152,서울특별시 강남구 개포동 170-13번지,공동주택,20170525, ,20170607,도시지역
153,서울특별시 강남구 개포동 171-3번지,단독주택, , ,20010509,일반주거지역
154,서울특별시 강남구 개포동 171-4번지,공동주택,20180816, ,20180810,제2종일반주거지역
155,서울특별시 강남구 개포동 171-6번지,단독주택,20210315, ,20210503,제2종일반주거지역
156,서울특별시 강남구 개포동 171-8번지,공동주택,20220603, ,20220530,도시지역
157,서울특별시 강남구 개포동 171-14번지,제2종근린생활시설, , ,20010808,일반주거지역
158,서울특별시 강남구 개포동 172번지, , , , ,제2종일반주거지역
159,서울특별시 강남구 개포동 172-2번지,문화및집회시설,20011016,20030807,20021022,일반주거지역
160,서울특별시 강남구 개포동 172-2번지,문화및집회시설, , , ,일반주거지역
161,서울특별시 강남구 개포동 172-2번지, , , , , 
162,서울특별시 강남구 개포동 172-2번지,종교시설,20180309, ,20180313,제2종일반주거지역
163,서울특별시 강남구 개포동 172-11번지, , , , ,일반주거지역
164,서울특별시 강남구 개포동 176-1번지,공동주택,200202, ,20020218,일반주거지역
165,서울특별시 강남구 개포동 176-2번지, , , , , 
166,서울특별시 강남구 개포동 176-2번지, , , , ,도시지역
167,서울특별시 강남구 개포동 176-2번지, , , , ,상대보호구역
168,서울특별시 강남구 개포동 176-2번지, , , , ,제2종일반주거지역
169,서울특별시 강남구 개포동 179-6번지,공동주택, , ,20020524,일반주거지역
170,서울특별시 강남구 개포동 180번지,창고시설, , , , 
171,서울특별시 강남구 개포동 183-1번지,자동차관련시설,20050815, ,20050907,도시지역
172,서울특별시 강남구 개포동 185번지, , , , , 
173,서울특별시 강남구 개포동 186번지,판매및영업시설, , , ,일반상업지역
174,서울특별시 강남구 개포동 186번지, , , , ,일반상업지역
175,서울특별시 강남구 개포동 186-1번지,제2종근린생활시설, , , , 
176,서울특별시 강남구 개포동 186-1번지,제2종근린생활시설, , , ,일반상업지역
177,서울특별시 강남구 개포동 186-1번지,제2종근린생활시설, , , , 
178,서울특별시 강남구 개포동 186-1번지,교육연구및복지시설, , , , 
179,서울특별시 강남구 개포동 186-1번지,제2종근린생활시설, , , ,도시지역
180,서울특별시 강남구 개포동 186-1번지,제1종근린생활시설, , , ,일반상업지역
181,서울특별시 강남구 개포동 186-1번지,제1종근린생활시설, , , ,일반상업지역
182,서울특별시 강남구 개포동 186-1번지,제2종근린생활시설, , , ,일반상업지역
183,서울특별시 강남구 개포동 186-3번지,제1종근린생활시설, , , ,도시지역
184,서울특별시 강남구 개포동 186-4번지,제1종근린생활시설, , , ,도시지역
185,서울특별시 강남구 개포동 186-4번지,교육연구시설, , , ,일반상업지역
186,서울특별시 강남구 개포동 186-4번지,제1종근린생활시설, , , ,도시지역
187,서울특별시 강남구 개포동 186-4번지,제2종근린생활시설,20070829, , ,일반상업지역
188,서울특별시 강남구 개포동 186-10번지,제2종근린생활시설, , , ,상대보호구역
189,서울특별시 강남구 개포동 186-11번지,제2종근린생활시설,20180329, ,20180328,상대보호구역
190,서울특별시 강남구 개포동 186-13번지,제2종근린생활시설, , , ,일반상업지역
191,서울특별시 강남구 개포동 186-13번지,제1종근린생활시설, , , ,도시지역
192,서울특별시 강남구 개포동 186-13번지, , , , , 
193,서울특별시 강남구 개포동 186-13번지,제1종근린생활시설,20161013, ,20161017,일반상업지역
194,서울특별시 강남구 개포동 186-13번지,업무시설, , , ,일반상업지역
195,서울특별시 강남구 개포동 186-14번지,업무시설, , , ,일반상업지역
196,서울특별시 강남구 개포동 186-14번지,업무시설, , , ,일반상업지역
197,서울특별시 강남구 개포동 186-14번지,제1종근린생활시설, , , ,일반주거지역
198,서울특별시 강남구 개포동 186-14번지,업무시설, , , ,도시지역
199,서울특별시 강남구 개포동 186-15번지,제2종근린생활시설, , , , 
200,서울특별시 강남구 개포동 186-15번지,제2종근린생활시설, , , , 
201,서울특별시 강남구 개포동 186-15번지,제2종근린생활시설, , , , 
202,서울특별시 강남구 개포동 186-15번지,제2종근린생활시설, , , , 
203,서울특별시 강남구 개포동 186-15번지,제2종근린생활시설, , , ,도시지역
204,서울특별시 강남구 개포동 186-15번지,교육연구시설, , , ,일반상업지역
205,서울특별시 강남구 개포동 186-15번지,제2종근린생활시설, , , ,도시지역
206,서울특별시 강남구 개포동 186-15번지,제2종근린생활시설, , , , 
207,서울특별시 강남구 개포동 186-15번지,제2종근린생활시설, , , , 
208,서울특별시 강남구 개포동 186-15번지,제1종근린생활시설, , , ,일반상업지역
209,서울특별시 강남구 개포동 186-15번지,제2종근린생활시설, , , ,일반상업지역
210,서울특별시 강남구 개포동 186-15번지,판매시설, , , , 
211,서울특별시 강남구 개포동 186-16번지,교육연구및복지시설, , , ,일반상업지역
212,서울특별시 강남구 개포동 186-16번지,교육연구시설, , , ,일반상업지역
213,서울특별시 강남구 개포동 186-16번지,제2종근린생활시설, , , ,도시지역
214,서울특별시 강남구 개포동 186-16번지,제2종근린생활시설, , , ,도시지역
215,서울특별시 강남구 개포동 186-16번지,제1종근린생활시설, , , ,일반상업지역
216,서울특별시 강남구 개포동 186-16번지,교육연구및복지시설, , , ,일반상업지역
217,서울특별시 강남구 개포동 186-16번지,교육연구시설, , , ,도시지역
218,서울특별시 강남구 개포동 186-16번지,교육연구시설, , , ,상대보호구역
219,서울특별시 강남구 개포동 186-17번지,제1종근린생활시설, , , ,일반상업지역
220,서울특별시 강남구 개포동 186-17번지,제1종근린생활시설, , , ,일반상업지역
221,서울특별시 강남구 개포동 186-17번지,제1종근린생활시설, , , ,일반상업지역
222,서울특별시 강남구 개포동 186-17번지,교육연구시설, , , ,일반상업지역
223,서울특별시 강남구 개포동 186-17번지,판매시설, , , ,도시지역
224,서울특별시 강남구 개포동 186-17번지, , , , ,일반상업지역
225,서울특별시 강남구 개포동 186-17번지,제2종근린생활시설, , , ,상대보호구역
226,서울특별시 강남구 개포동 186-18번지,제1종근린생활시설, , , ,상대보호구역
227,서울특별시 강남구 개포동 186-18번지,제2종근린생활시설, , , , 
228,서울특별시 강남구 개포동 186-18번지,제1종근린생활시설, , , ,상대보호구역
229,서울특별시 강남구 개포동 189번지, , , , , 
230,서울특별시 강남구 개포동 189번지, , , , , 
231,서울특별시 강남구 개포동 189번지, , , , , 
232,서울특별시 강남구 개포동 189번지, , , , , 
233,서울특별시 강남구 개포동 189번지, , , , , 
234,서울특별시 강남구 개포동 189번지, , , , , 
235,서울특별시 강남구 개포동 189번지, , , , , 
236,서울특별시 강남구 개포동 189번지, , , , , 
237,서울특별시 강남구 개포동 189번지, , , , , 
238,서울특별시 강남구 개포동 189번지, , , , , 
239,서울특별시 강남구 개포동 189번지, , , , , 
240,서울특별시 강남구 개포동 189번지,제1종근린생활시설, , , ,도시지역
241,서울특별시 강남구 개포동 189번지,노유자시설, , , ,도시지역
242,서울특별시 강남구 개포동 189번지,제1종근린생활시설, , , ,도시지역
243,서울특별시 강남구 개포동 189번지, , , , , 
244,서울특별시 강남구 개포동 189번지, , , , , 
245,서울특별시 강남구 개포동 189번지, , , , , 
246,서울특별시 강남구 개포동 189번지, , , , , 
247,서울특별시 강남구 개포동 189번지, , , , , 
248,서울특별시 강남구 개포동 189번지, , , , , 
249,서울특별시 강남구 개포동 189번지, , , , , 
250,서울특별시 강남구 개포동 189번지, , , , , 
251,서울특별시 강남구 개포동 189번지, , , , , 
252,서울특별시 강남구 개포동 189번지, , , , ,상대보호구역
253,서울특별시 강남구 개포동 189번지, , , , , 
254,서울특별시 강남구 개포동 189번지, , , , ,상대보호구역
255,서울특별시 강남구 개포동 189번지, , , , , 
256,서울특별시 강남구 개포동 189번지, , , , ,도시지역
257,서울특별시 강남구 개포동 189번지, , , , ,상대보호구역
258,서울특별시 강남구 개포동 189번지, , , , ,상대보호구역
259,서울특별시 강남구 개포동 189번지, , , , , 
260,서울특별시 강남구 개포동 189번지, , , , , 
261,서울특별시 강남구 개포동 189번지, , , , , 
262,서울특별시 강남구 개포동 189번지, , , , , 
263,서울특별시 강남구 개포동 189번지, , , , , 
264,서울특별시 강남구 개포동 189번지, , , , , 
265,서울특별시 강남구 개포동 189번지, , , , ,상대보호구역
266,서울특별시 강남구 개포동 189번지, , , , , 
267,서울특별시 강남구 개포동 189번지, , , , , 
268,서울특별시 강남구 개포동 189번지, , , , , 
269,서울특별시 강남구 개포동 189번지, , , , , 
270,서울특별시 강남구 개포동 189번지, , , , , 
271,서울특별시 강남구 개포동 189번지, , , , , 
272,서울특별시 강남구 개포동 189번지, , , , ,상대보호구역
273,서울특별시 강남구 개포동 189번지, , , , ,상대보호구역
274,서울특별시 강남구 개포동 189번지, , , , , 
275,서울특별시 강남구 개포동 189번지,제1종근린생활시설,20230123, ,20230119,도시지역
276,서울특별시 강남구 개포동 189-1번지, , , , , 
277,서울특별시 강남구 개포동 189-2번지, , , , , 
278,서울특별시 강남구 개포동 189-3번지, , , , , 
279,서울특별시 강남구 개포동 189-4번지, , , , , 
280,서울특별시 강남구 개포동 189-5번지, , , , , 
281,서울특별시 강남구 개포동 235-16번지,공동주택, , ,20010709, 
282,서울특별시 강남구 개포동 269-13번지,공동주택, ,20030325, ,일반주거지역
283,서울특별시 강남구 개포동 371-75번지, , , , , 
284,서울특별시 강남구 개포동 565번지,위험물저장및처리시설,20071109, , ,도시지역
285,서울특별시 강남구 개포동 565번지,위험물저장및처리시설, , , ,도시지역
286,서울특별시 강남구 개포동 565번지, , , , ,자연녹지지역
287,서울특별시 강남구 개포동 565-3번지,자동차관련시설,20090810, ,20090811,도시지역
288,서울특별시 강남구 개포동 567-2번지, , , , ,자연녹지지역
289,서울특별시 강남구 개포동 651-1번지, , , , ,상대보호구역
290,서울특별시 강남구 개포동 651-1번지, , , , ,제3종일반주거지역
291,서울특별시 강남구 개포동 651-1번지, , , , , 
292,서울특별시 강남구 개포동 651-1번지, , , , , 
293,서울특별시 강남구 개포동 651-1번지, , , , ,제3종일반주거지역
294,서울특별시 강남구 개포동 655-3번지,공동주택, , , ,도시지역
295,서울특별시 강남구 개포동 655-4번지,제1종근린생활시설, , , ,도시지역
296,서울특별시 강남구 개포동 655-4번지,제1종근린생활시설, , , ,도시지역
297,서울특별시 강남구 개포동 655-4번지,제1종근린생활시설,20060301, ,20060324,제3종일반주거지역
298,서울특별시 강남구 개포동 656번지, , , , , 
299,서울특별시 강남구 개포동 656번지, , , , ,상대보호구역
300,서울특별시 강남구 개포동 656번지, , , , , 
301,서울특별시 강남구 개포동 656번지, , , , , 
302,서울특별시 강남구 개포동 656번지, , , , , 
303,서울특별시 강남구 개포동 656번지, , , , , 
304,서울특별시 강남구 개포동 656번지, , , , , 
305,서울특별시 강남구 개포동 656번지, , , , , 
306,서울특별시 강남구 개포동 656번지,제1종근린생활시설,20200720, ,20200722,상대보호구역
307,서울특별시 강남구 개포동 656-1번지,노유자시설,20200429, ,20200511,상대보호구역
308,서울특별시 강남구 개포동 656-2번지, , , , , 
309,서울특별시 강남구 개포동 656-3번지, , , , , 
310,서울특별시 강남구 개포동 656-3번지, , , , ,도시지역
311,서울특별시 강남구 개포동 656-3번지, , , , ,도시지역
312,서울특별시 강남구 개포동 656-3번지, , , , , 
313,서울특별시 강남구 개포동 656-3번지, , , , , 
314,서울특별시 강남구 개포동 656-3번지, , , , ,도시지역
315,서울특별시 강남구 개포동 656-3번지, , , , ,도시지역
316,서울특별시 강남구 개포동 660-1번지, , , , ,상대보호구역
317,서울특별시 강남구 개포동 660-1번지, , , , ,제2종일반주거지역
318,서울특별시 강남구 개포동 660-1번지, , , , , 
319,서울특별시 강남구 개포동 660-1번지, , , , , 
320,서울특별시 강남구 개포동 660-1번지, , , , , 
321,서울특별시 강남구 개포동 660-1번지, , , , , 
322,서울특별시 강남구 개포동 660-1번지,업무시설,20221130, ,20230224,제2종일반주거지역
323,서울특별시 강남구 개포동 660-4번지, , , , , 
324,서울특별시 강남구 개포동 660-4번지, , , , ,상대보호구역
325,서울특별시 강남구 개포동 660-4번지,제1종근린생활시설,20200603, , ,제2종일반주거지역
326,서울특별시 강남구 개포동 660-4번지, , , , ,제2종일반주거지역
327,서울특별시 강남구 개포동 660-4번지, , , , ,제2종일반주거지역
328,서울특별시 강남구 개포동 660-4번지, , , , ,제2종일반주거지역
329,서울특별시 강남구 개포동 660-4번지, , , , ,제2종일반주거지역
330,서울특별시 강남구 개포동 660-4번지, , , , ,제2종일반주거지역
331,서울특별시 강남구 개포동 660-4번지, , , , , 
332,서울특별시 강남구 개포동 660-4번지, , , , ,제2종일반주거지역
333,서울특별시 강남구 개포동 660-4번지, , , , , 
334,서울특별시 강남구 개포동 660-4번지, , , , , 
335,서울특별시 강남구 개포동 660-4번지, , , , , 
336,서울특별시 강남구 개포동 660-4번지, , , , , 
337,서울특별시 강남구 개포동 660-4번지, , , , , 
338,서울특별시 강남구 개포동 660-4번지, , , , , 
339,서울특별시 강남구 개포동 660-4번지, , , , , 
340,서울특별시 강남구 개포동 660-4번지, , , , , 
341,서울특별시 강남구 개포동 660-4번지, , , , , 
342,서울특별시 강남구 개포동 660-4번지, , , , , 
343,서울특별시 강남구 개포동 660-4번지, , , , ,상대보호구역
344,서울특별시 강남구 개포동 660-4번지, , , , ,상대보호구역
345,서울특별시 강남구 개포동 660-4번지, , , , , 
346,서울특별시 강남구 개포동 660-4번지, , , , , 
347,서울특별시 강남구 개포동 660-4번지, , , , , 
348,서울특별시 강남구 개포동 660-4번지, , , , , 
349,서울특별시 강남구 개포동 660-4번지, , , , , 
350,서울특별시 강남구 개포동 660-4번지, , , , ,제2종일반주거지역
351,서울특별시 강남구 개포동 660-4번지, , , , ,도시지역
352,서울특별시 강남구 개포동 660-4번지, , , , , 
353,서울특별시 강남구 개포동 660-4번지, , , , , 
354,서울특별시 강남구 개포동 660-4번지, , , , ,제2종일반주거지역
355,서울특별시 강남구 개포동 660-4번지, , , , , 
356,서울특별시 강남구 개포동 660-4번지, , , , ,제2종일반주거지역
357,서울특별시 강남구 개포동 660-4번지, , , , ,상대보호구역
358,서울특별시 강남구 개포동 660-4번지, , , , ,상대보호구역
359,서울특별시 강남구 개포동 660-4번지, , , , ,제2종일반주거지역
360,서울특별시 강남구 개포동 660-4번지, , , , ,제2종일반주거지역
361,서울특별시 강남구 개포동 660-4번지, , , , ,제2종일반주거지역
362,서울특별시 강남구 개포동 660-4번지, , , , ,제2종일반주거지역
363,서울특별시 강남구 개포동 660-4번지, , , , ,제2종일반주거지역
364,서울특별시 강남구 개포동 660-4번지, , , , ,상대보호구역
365,서울특별시 강남구 개포동 660-4번지, , , , ,상대보호구역
366,서울특별시 강남구 개포동 660-4번지, , , , , 
367,서울특별시 강남구 개포동 660-4번지, , , , , 
368,서울특별시 강남구 개포동 660-4번지, , , , , 
369,서울특별시 강남구 개포동 660-4번지, , , , ,제2종일반주거지역
370,서울특별시 강남구 개포동 660-4번지, , , , ,도시지역
371,서울특별시 강남구 개포동 660-4번지, , , , , 
372,서울특별시 강남구 개포동 660-4번지,제2종근린생활시설,20200603, , ,제2종일반주거지역
373,서울특별시 강남구 개포동 660-13번지,제2종근린생활시설, , , ,도시지역
374,서울특별시 강남구 개포동 660-13번지,공동주택,20120215, ,20120214,제2종일반주거지역
375,서울특별시 강남구 개포동 660-13번지,공동주택, , , ,제2종일반주거지역
376,서울특별시 강남구 개포동 660-16번지,공동주택,20100319, ,20100322,제2종일반주거지역
377,서울특별시 강남구 개포동 660-16번지,공동주택, , , ,도시지역
378,서울특별시 강남구 개포동 660-16번지, , , , , 
379,서울특별시 강남구 개포동 660-18번지,공동주택,20110319, ,20110322,제2종일반주거지역
380,서울특별시 강남구 개포동 660-18번지,공동주택, , , ,제2종일반주거지역
381,서울특별시 강남구 개포동 660-18번지, , , , , 
382,서울특별시 강남구 개포동 660-20번지,공동주택,20110810, ,20110810,제2종일반주거지역
383,서울특별시 강남구 개포동 660-20번지,공동주택, , , ,제2종일반주거지역
384,서울특별시 강남구 개포동 660-21번지,공동주택,20100604, ,20100607,제2종일반주거지역
385,서울특별시 강남구 개포동 660-21번지,공동주택, , , ,제2종일반주거지역
386,서울특별시 강남구 개포동 660-21번지,공동주택, , , ,도시지역
387,서울특별시 강남구 개포동 660-23번지,공동주택,20120209, ,20120209,제2종일반주거지역
388,서울특별시 강남구 개포동 660-23번지,공동주택, , , ,제2종일반주거지역
389,서울특별시 강남구 개포동 660-24번지, , , , , 
390,서울특별시 강남구 개포동 660-24번지,공동주택, ,20170413, ,제2종일반주거지역
391,서울특별시 강남구 개포동 660-25번지, , , , , 
392,서울특별시 강남구 개포동 660-25번지,공동주택,20180115, ,20180131,제2종일반주거지역
393,서울특별시 강남구 개포동 660-26번지,교육연구및복지시설, , , ,제2종일반주거지역
394,서울특별시 강남구 개포동 660-26번지,공동주택,20141104,20141228,20141103,제2종일반주거지역
395,서울특별시 강남구 개포동 660-28번지,공동주택,20111031, ,20111031,제2종일반주거지역
396,서울특별시 강남구 개포동 660-28번지,공동주택, , , ,제2종일반주거지역
397,서울특별시 강남구 개포동 660-31번지,공동주택,20120813, ,20120813,제2종일반주거지역
398,서울특별시 강남구 개포동 660-32번지,공동주택,20100916, ,20100917,제2종일반주거지역
399,서울특별시 강남구 개포동 660-32번지,공동주택, , , ,제2종일반주거지역
400,서울특별시 강남구 개포동 660-33번지,공동주택,20160502, ,20160503,제2종일반주거지역
401,서울특별시 강남구 개포동 660-34번지,공동주택,20120119, ,20120119,제2종일반주거지역
402,서울특별시 강남구 개포동 660-34번지,공동주택, , , ,제2종일반주거지역
403,서울특별시 강남구 개포동 660-35번지,공동주택,20120119, ,20120119,제2종전용주거지역
404,서울특별시 강남구 개포동 660-35번지,공동주택, , , ,제2종일반주거지역
405,서울특별시 강남구 개포동 971번지,제2종근린생활시설, , , , 
406,서울특별시 강남구 개포동 971번지,가설건축물,20120302, ,20120302,도시지역
407,서울특별시 강남구 개포동 971번지, , , , ,도시지역
408,서울특별시 강남구 개포동 971번지, , , , ,상대보호구역
409,서울특별시 강남구 개포동 1055번지,노유자시설,20151110, ,20151109,도시지역
410,서울특별시 강남구 개포동 1055번지,노유자시설,20181113, ,20181121,자연녹지지역
411,서울특별시 강남구 개포동 1055번지, , , , ,도시지역
412,서울특별시 강남구 개포동 1057-9번지, , , , , 
413,서울특별시 강남구 개포동 1057-9번지,노유자시설,20190308, ,20190304,자연녹지지역
414,서울특별시 강남구 개포동 1057-9번지, , , , ,도시지역
415,서울특별시 강남구 개포동 1163-1번지, , , , ,제3종일반주거지역
416,서울특별시 강남구 개포동 1163-4번지, , , , , 
417,서울특별시 강남구 개포동 1163-4번지,종교시설,20120227, ,20120223,도시지역
418,서울특별시 강남구 개포동 1163-7번지,업무시설, , , ,제1종일반주거지역
419,서울특별시 강남구 개포동 1163-8번지,제2종근린생활시설,20220416, ,20220428,상대보호구역
420,서울특별시 강남구 개포동 1164번지, , , , , 
421,서울특별시 강남구 개포동 1164번지,공동주택,20170321, ,20170330,제2종일반주거지역
422,서울특별시 강남구 개포동 1164-10번지,노유자시설, , , ,도시지역
423,서울특별시 강남구 개포동 1164-10번지,의료시설,20170125, ,20170203,제2종일반주거지역
424,서울특별시 강남구 개포동 1164-15번지,제2종근린생활시설, , , ,도시지역
425,서울특별시 강남구 개포동 1164-18번지,제1종근린생활시설, , , ,도시지역
426,서울특별시 강남구 개포동 1164-18번지,제2종근린생활시설,20120622, ,20120629,도시지역
427,서울특별시 강남구 개포동 1164-26번지,공동주택,20141121, ,20141119,제2종일반주거지역
428,서울특별시 강남구 개포동 1164-27번지, , , , , 
429,서울특별시 강남구 개포동 1164-27번지,공동주택,20160109, ,20160108,도시지역
430,서울특별시 강남구 개포동 1164-29번지,공동주택,20200810, ,20200812,제2종일반주거지역
431,서울특별시 강남구 개포동 1165-2번지, , , , , 
432,서울특별시 강남구 개포동 1165-2번지,공동주택,20160604, ,20160603,제2종일반주거지역
433,서울특별시 강남구 개포동 1165-12번지,공동주택, , , ,제2종일반주거지역
434,서울특별시 강남구 개포동 1166-5번지, , , , , 
435,서울특별시 강남구 개포동 1166-5번지,공동주택,20200330, ,20200401,제2종일반주거지역
436,서울특별시 강남구 개포동 1166-7번지,공동주택,20150605, ,20150604,제2종일반주거지역
437,서울특별시 강남구 개포동 1166-9번지,공동주택,20200918, ,20200922,도시지역
438,서울특별시 강남구 개포동 1167-4번지,공동주택,20220824, ,20220908,제2종일반주거지역
439,서울특별시 강남구 개포동 1168번지,단독주택,20210401, ,20210408,도시지역
440,서울특별시 강남구 개포동 1168-2번지,공동주택,20210420, ,20210422,제2종일반주거지역
441,서울특별시 강남구 개포동 1168-3번지,제1종근린생활시설, , , ,도시지역
442,서울특별시 강남구 개포동 1168-3번지,공동주택,20221228, ,20230112,도시지역
443,서울특별시 강남구 개포동 1168-10번지,공동주택,20121023, ,20121023,도시지역
444,서울특별시 강남구 개포동 1169번지,종교시설, ,20130701, ,도시지역
445,서울특별시 강남구 개포동 1169번지,종교시설,20210308, ,20210309,제2종일반주거지역
446,서울특별시 강남구 개포동 1169-5번지,공동주택,20150417, ,20150417,제2종일반주거지역
447,서울특별시 강남구 개포동 1169-10번지,공동주택, , , ,제2종일반주거지역
448,서울특별시 강남구 개포동 1169-10번지,공동주택, , , ,제2종일반주거지역
449,서울특별시 강남구 개포동 1169-11번지,공동주택,20170105, ,20170116,도시지역
450,서울특별시 강남구 개포동 1170-1번지,공동주택,20111111, ,20111111,제2종일반주거지역
451,서울특별시 강남구 개포동 1171-2번지,공동주택,20161227, ,20161226,제2종일반주거지역
452,서울특별시 강남구 개포동 1171-7번지, , , , , 
453,서울특별시 강남구 개포동 1171-7번지,공동주택,20150212, ,20150212,제2종일반주거지역
454,서울특별시 강남구 개포동 1171-9번지,공동주택,20151012, ,20151013,도시지역
455,서울특별시 강남구 개포동 1171-10번지,공동주택,20120830, ,20120828,도시지역
456,서울특별시 강남구 개포동 1172번지,제2종근린생활시설, , , ,제2종일반주거지역
457,서울특별시 강남구 개포동 1172-2번지,공동주택,20120604, ,20120608,제2종일반주거지역
458,서울특별시 강남구 개포동 1172-3번지,공동주택,20161223, ,20161221,도시지역
459,서울특별시 강남구 개포동 1172-6번지,단독주택, , , ,도시지역
460,서울특별시 강남구 개포동 1173-7번지,공동주택,20160217, ,20160224,제2종일반주거지역
461,서울특별시 강남구 개포동 1173-15번지,공동주택,20150522, ,20150521,도시지역
462,서울특별시 강남구 개포동 1174번지,공동주택,20160727, ,20160729,도시지역
463,서울특별시 강남구 개포동 1174-2번지,단독주택,20180702, ,20180705,제2종일반주거지역
464,서울특별시 강남구 개포동 1174-3번지,공동주택,20160530, ,20160530,제2종일반주거지역
465,서울특별시 강남구 개포동 1174-5번지,단독주택,20161224, ,20161227,제2종일반주거지역
466,서울특별시 강남구 개포동 1174-6번지, , , , , 
467,서울특별시 강남구 개포동 1174-6번지,단독주택,20200316, ,20200318,제2종일반주거지역
468,서울특별시 강남구 개포동 1174-7번지,단독주택, , , ,제2종일반주거지역
469,서울특별시 강남구 개포동 1174-9번지,공동주택,20160412, ,20160414,도시지역
470,서울특별시 강남구 개포동 1174-11번지,공동주택,20160411, ,20160414,도시지역
471,서울특별시 강남구 개포동 1175번지,단독주택, , , ,도시지역
472,서울특별시 강남구 개포동 1175-3번지,단독주택,20211109, ,20211216,도시지역
473,서울특별시 강남구 개포동 1175-4번지,단독주택, , , ,제2종일반주거지역
474,서울특별시 강남구 개포동 1175-5번지,제1종근린생활시설, , , ,제2종일반주거지역
475,서울특별시 강남구 개포동 1175-8번지,공동주택,20220119, ,20220118,제2종일반주거지역
476,서울특별시 강남구 개포동 1176-3번지, , , , ,제2종일반주거지역
477,서울특별시 강남구 개포동 1176-3번지, , , , ,제2종일반주거지역
478,서울특별시 강남구 개포동 1177번지,제1종근린생활시설,20160427, ,20160426,제2종일반주거지역
479,서울특별시 강남구 개포동 1177-5번지, , , , , 
480,서울특별시 강남구 개포동 1177-5번지,단독주택, , , ,도시지역
481,서울특별시 강남구 개포동 1177-6번지,공동주택,20130909,20140604,20130903,제2종일반주거지역
482,서울특별시 강남구 개포동 1177-7번지,공동주택,20120829, ,20120828,제2종일반주거지역
483,서울특별시 강남구 개포동 1177-8번지,공동주택,20210601, ,20210601,제2종일반주거지역
484,서울특별시 강남구 개포동 1179-5번지,단독주택, , , ,과밀억제권역
485,서울특별시 강남구 개포동 1179-5번지,공동주택,20220916, ,20221101,상대보호구역
486,서울특별시 강남구 개포동 1179-9번지,제2종근린생활시설, , , ,제2종일반주거지역
487,서울특별시 강남구 개포동 1180-1번지,공동주택,20180305, ,20180221,제2종일반주거지역
488,서울특별시 강남구 개포동 1180-3번지,공동주택,20140715, ,20140716,제2종일반주거지역
489,서울특별시 강남구 개포동 1181번지,공동주택,20120921, ,20120921,도시지역
490,서울특별시 강남구 개포동 1181-6번지,공동주택,20150113, ,20150113,제2종일반주거지역
491,서울특별시 강남구 개포동 1181-8번지, , , , , 
492,서울특별시 강남구 개포동 1181-8번지,공동주택,20190501, ,20190503,도시지역
493,서울특별시 강남구 개포동 1183번지,제2종근린생활시설, , , ,제2종일반주거지역
494,서울특별시 강남구 개포동 1183-2번지,제2종근린생활시설, , , ,상대보호구역
495,서울특별시 강남구 개포동 1183-4번지,제2종근린생활시설,20080717, ,20080717,제2종일반주거지역
496,서울특별시 강남구 개포동 1183-5번지,제2종근린생활시설, , , ,도시지역
497,서울특별시 강남구 개포동 1183-10번지,제2종근린생활시설,20200922, ,20200925,제2종일반주거지역
498,서울특별시 강남구 개포동 1183-11번지,공동주택, , , ,제2종일반주거지역
499,서울특별시 강남구 개포동 1183-12번지, , , , , 
500,서울특별시 강남구 개포동 1183-12번지,공동주택,20190510, ,20190509,상대보호구역
501,서울특별시 강남구 개포동 1184-1번지,제2종근린생활시설, , , ,제2종일반주거지역
502,서울특별시 강남구 개포동 1184-2번지,제2종근린생활시설,20110517, ,20110516,제2종일반주거지역
503,서울특별시 강남구 개포동 1184-2번지,제2종근린생활시설, , , ,제2종일반주거지역
504,서울특별시 강남구 개포동 1184-4번지,제1종근린생활시설, , , ,제2종일반주거지역
505,서울특별시 강남구 개포동 1184-4번지,제1종근린생활시설, , , ,제2종일반주거지역
506,서울특별시 강남구 개포동 1184-4번지,제1종근린생활시설,20200525, ,20200608, 
507,서울특별시 강남구 개포동 1184-6번지,제2종근린생활시설, , , ,상대보호구역
508,서울특별시 강남구 개포동 1184-16번지,제1종근린생활시설, , , ,제2종일반주거지역
509,서울특별시 강남구 개포동 1184-22번지,단독주택, , ,20110223,제2종일반주거지역
510,서울특별시 강남구 개포동 1184-24번지,공동주택, , , ,도시지역
511,서울특별시 강남구 개포동 1186번지, , , , , 
512,서울특별시 강남구 개포동 1186번지,공동주택,20190704, ,20190711, 
513,서울특별시 강남구 개포동 1186-3번지,단독주택,20080820, ,20080821,제2종일반주거지역
514,서울특별시 강남구 개포동 1186-4번지,공동주택,20160705, ,20160707,제2종일반주거지역
515,서울특별시 강남구 개포동 1187번지,제2종근린생활시설, , , ,도시지역
516,서울특별시 강남구 개포동 1187-3번지,제2종근린생활시설, , ,20080410,제2종일반주거지역
517,서울특별시 강남구 개포동 1187-4번지,제2종근린생활시설,20111210, ,20111212,제2종일반주거지역
518,서울특별시 강남구 개포동 1187-8번지,공동주택,20150422, ,20150420,도시지역
519,서울특별시 강남구 개포동 1187-9번지,제1종근린생활시설,20131102, ,20131104,도시지역
520,서울특별시 강남구 개포동 1189번지,제2종근린생활시설,20180901, ,20180911,제2종일반주거지역
521,서울특별시 강남구 개포동 1189-6번지,단독주택, , , ,상대보호구역
522,서울특별시 강남구 개포동 1189-7번지,제1종근린생활시설, , , ,제2종일반주거지역
523,서울특별시 강남구 개포동 1189-11번지,공동주택,20141015, ,20141015,도시지역
524,서울특별시 강남구 개포동 1189-11번지,제2종근린생활시설, , , ,상대보호구역
525,서울특별시 강남구 개포동 1189-11번지,공동주택, , , ,상대보호구역
526,서울특별시 강남구 개포동 1190-2번지,제2종근린생활시설, , , ,제2종일반주거지역
527,서울특별시 강남구 개포동 1190-2번지,제2종근린생활시설, , , ,제2종일반주거지역
528,서울특별시 강남구 개포동 1190-6번지,제1종근린생활시설, , , ,제2종일반주거지역
529,서울특별시 강남구 개포동 1190-6번지,제2종근린생활시설, , , ,제2종일반주거지역
530,서울특별시 강남구 개포동 1191번지, , , , ,제3종일반주거지역
531,서울특별시 강남구 개포동 1191-1번지,제2종근린생활시설,20180316, ,20180315, 
532,서울특별시 강남구 개포동 1191-2번지,제2종근린생활시설, , , ,제3종일반주거지역
533,서울특별시 강남구 개포동 1192번지,제1종근린생활시설,20100202, ,20100202,제3종일반주거지역
534,서울특별시 강남구 개포동 1192번지,제1종근린생활시설, , , ,도시지역
535,서울특별시 강남구 개포동 1192번지,제1종근린생활시설, , , ,도시지역
536,서울특별시 강남구 개포동 1192-2번지,제2종근린생활시설,20220826, ,20220829,도시지역
537,서울특별시 강남구 개포동 1192-3번지,제2종근린생활시설,20200512, ,20200520,제3종일반주거지역
538,서울특별시 강남구 개포동 1192-4번지,제2종근린생활시설, , , ,상대보호구역
539,서울특별시 강남구 개포동 1193번지,업무시설, , , , 
540,서울특별시 강남구 개포동 1193번지, , , , ,제2종일반주거지역
541,서울특별시 강남구 개포동 1193번지, , , , ,도시지역
542,서울특별시 강남구 개포동 1193-2번지,공동주택,20130128, ,20130123,도시지역
543,서울특별시 강남구 개포동 1193-3번지,제1종근린생활시설,20080515, ,20080516,제2종일반주거지역
544,서울특별시 강남구 개포동 1193-5번지,공동주택,20180326, ,20180326,도시지역
545,서울특별시 강남구 개포동 1193-11번지,제2종근린생활시설,20180525, ,20180525,도시지역
546,서울특별시 강남구 개포동 1194-1번지,제2종근린생활시설,20080830, ,20080904,제3종일반주거지역
547,서울특별시 강남구 개포동 1194-1번지,공동주택,20210215, ,20210215,제3종일반주거지역
548,서울특별시 강남구 개포동 1194-1번지, , , , ,제3종일반주거지역
549,서울특별시 강남구 개포동 1194-4번지,제1종근린생활시설, , , , 
550,서울특별시 강남구 개포동 1194-4번지,제2종근린생활시설, , , ,도시지역
551,서울특별시 강남구 개포동 1194-5번지, , , , , 
552,서울특별시 강남구 개포동 1194-5번지,제2종근린생활시설,20200422, ,20200422,도시지역
553,서울특별시 강남구 개포동 1195번지,공동주택,20151021, ,20151022,제2종일반주거지역
554,서울특별시 강남구 개포동 1195-1번지,제2종근린생활시설,20120215, ,20120214,제2종일반주거지역
555,서울특별시 강남구 개포동 1195-2번지, , , , , 
556,서울특별시 강남구 개포동 1195-2번지,공동주택,20190703, ,20190701,제2종일반주거지역
557,서울특별시 강남구 개포동 1195-3번지,공동주택,20171110, ,20171115,도시지역
558,서울특별시 강남구 개포동 1195-8번지, , , , ,제2종일반주거지역
559,서울특별시 강남구 개포동 1195-8번지, , , , ,제2종일반주거지역
560,서울특별시 강남구 개포동 1195-8번지,공동주택,20160324, ,20160324,도시지역
561,서울특별시 강남구 개포동 1195-10번지,공동주택, , , ,제2종일반주거지역
562,서울특별시 강남구 개포동 1195-10번지,공동주택, , , ,도시지역
563,서울특별시 강남구 개포동 1195-10번지, , , , , 
564,서울특별시 강남구 개포동 1195-10번지,공동주택,20190701, ,20190704,제2종일반주거지역
565,서울특별시 강남구 개포동 1195-13번지,제2종근린생활시설,20220214, ,20220215,제2종일반주거지역
566,서울특별시 강남구 개포동 1195-14번지,공동주택,20160324, ,20160324,도시지역
567,서울특별시 강남구 개포동 1196-2번지,제2종근린생활시설, , , ,도시지역
568,서울특별시 강남구 개포동 1196-5번지,제1종근린생활시설, , , ,도시지역
569,서울특별시 강남구 개포동 1196-6번지,제1종근린생활시설, , , ,제2종일반주거지역
570,서울특별시 강남구 개포동 1196-7번지,제2종근린생활시설, , , ,도시지역
571,서울특별시 강남구 개포동 1196-7번지,제2종근린생활시설, , , ,상대보호구역
572,서울특별시 강남구 개포동 1196-8번지,공동주택,20150319, ,20150310,제2종일반주거지역
573,서울특별시 강남구 개포동 1196-9번지,공동주택,20150302, ,20150226,제2종일반주거지역
574,서울특별시 강남구 개포동 1196-11번지,공동주택,20140414, ,20140410,제2종일반주거지역
575,서울특별시 강남구 개포동 1197-2번지, , , , ,제2종일반주거지역
576,서울특별시 강남구 개포동 1197-2번지,판매시설, , , ,제2종일반주거지역
577,서울특별시 강남구 개포동 1197-2번지,판매시설, , , ,제2종일반주거지역
578,서울특별시 강남구 개포동 1197-2번지, , , , ,제2종일반주거지역
579,서울특별시 강남구 개포동 1197-2번지,판매시설,20110115, ,20110218,제2종일반주거지역
580,서울특별시 강남구 개포동 1197-2번지,판매시설, , , ,제2종일반주거지역
581,서울특별시 강남구 개포동 1197-2번지,판매시설, , , ,제2종일반주거지역
582,서울특별시 강남구 개포동 1197-2번지, , , , ,제2종일반주거지역
583,서울특별시 강남구 개포동 1197-5번지, , , , , 
584,서울특별시 강남구 개포동 1198번지, , , , , 
585,서울특별시 강남구 개포동 1198번지,공동주택,20160328, ,20160223,도시지역
586,서울특별시 강남구 개포동 1198-1번지,공동주택,20150310, ,20150303,제2종일반주거지역
587,서울특별시 강남구 개포동 1198-2번지,공동주택,20210831, ,20210831,제2종일반주거지역
588,서울특별시 강남구 개포동 1198-6번지,제2종근린생활시설, , , ,도시지역
589,서울특별시 강남구 개포동 1198-6번지,제2종근린생활시설, , , ,도시지역
590,서울특별시 강남구 개포동 1198-7번지,제2종근린생활시설,20160726, ,20160726,도시지역
591,서울특별시 강남구 개포동 1198-7번지,제2종근린생활시설, , , ,제2종일반주거지역
592,서울특별시 강남구 개포동 1199-7번지, , , , , 
593,서울특별시 강남구 개포동 1199-7번지,공동주택,20190107, ,20190110,제2종일반주거지역
594,서울특별시 강남구 개포동 1199-8번지,공동주택,20140725,20140801,20140724,제2종일반주거지역
595,서울특별시 강남구 개포동 1200-5번지,제2종근린생활시설, , , ,제2종일반주거지역
596,서울특별시 강남구 개포동 1200-5번지,제2종근린생활시설, , , ,도시지역
597,서울특별시 강남구 개포동 1201번지,제1종근린생활시설, , , ,제2종일반주거지역
598,서울특별시 강남구 개포동 1201-7번지,공동주택,20200817, ,20200818,제2종일반주거지역
599,서울특별시 강남구 개포동 1203-1번지,공동주택, , , ,도시지역
600,서울특별시 강남구 개포동 1203-2번지,공동주택,20121231, ,20121224,도시지역
601,서울특별시 강남구 개포동 1204번지,업무시설, ,20090917, ,제2종일반주거지역
602,서울특별시 강남구 개포동 1204번지, , , , , 
603,서울특별시 강남구 개포동 1204번지,업무시설,20200413, ,20200611,제2종일반주거지역
604,서울특별시 강남구 개포동 1204-2번지,공동주택,20180410, ,20180417,제2종일반주거지역
605,서울특별시 강남구 개포동 1204-8번지, , , , ,제2종일반주거지역
606,서울특별시 강남구 개포동 1204-9번지, , , , ,제2종일반주거지역
607,서울특별시 강남구 개포동 1205번지, , , , , 
608,서울특별시 강남구 개포동 1205번지,공동주택,20170522, ,20170530,제2종일반주거지역
609,서울특별시 강남구 개포동 1205-1번지, , , , ,제2종일반주거지역
610,서울특별시 강남구 개포동 1205-1번지,공동주택,20111217, ,20111216,도시지역
611,서울특별시 강남구 개포동 1205-4번지, , , , , 
612,서울특별시 강남구 개포동 1205-4번지,공동주택,20150328, ,20150401,제2종일반주거지역
613,서울특별시 강남구 개포동 1205-5번지,제2종근린생활시설, , , ,제2종일반주거지역
614,서울특별시 강남구 개포동 1206번지, , , , , 
615,서울특별시 강남구 개포동 1206번지,공동주택,20160930, ,20161004,제2종일반주거지역
616,서울특별시 강남구 개포동 1206-2번지,공동주택,20150716, ,20150716,도시지역
617,서울특별시 강남구 개포동 1206-4번지,제2종근린생활시설,20110609, ,20110614,제2종일반주거지역
618,서울특별시 강남구 개포동 1207-11번지,제2종근린생활시설, , , ,제2종일반주거지역
619,서울특별시 강남구 개포동 1208번지, , , , , 
620,서울특별시 강남구 개포동 1208번지,공동주택,20151021, ,20151020,도시지역
621,서울특별시 강남구 개포동 1208-4번지,공동주택,20170217, ,20170220,제2종일반주거지역
622,서울특별시 강남구 개포동 1208-9번지,공동주택,20160310, ,20160309,제2종일반주거지역
623,서울특별시 강남구 개포동 1209-12번지,공동주택,20111013, ,20111013,제2종일반주거지역
624,서울특별시 강남구 개포동 1209-12번지,공동주택, , , ,제2종일반주거지역
625,서울특별시 강남구 개포동 1210번지,제1종근린생활시설, , , ,제2종일반주거지역
626,서울특별시 강남구 개포동 1210번지,단독주택,20140725, ,20140724,제2종일반주거지역
627,서울특별시 강남구 개포동 1210번지,공동주택,20220321, ,20220412,상대보호구역
628,서울특별시 강남구 개포동 1210-4번지,제2종근린생활시설, , , ,상대보호구역
629,서울특별시 강남구 개포동 1210-8번지,공동주택,20160804, ,20160809,제2종일반주거지역
630,서울특별시 강남구 개포동 1210-13번지,단독주택,20120314, ,20120316,제2종일반주거지역
631,서울특별시 강남구 개포동 1211-1번지,공동주택,20140808, ,20140806,도시지역
632,서울특별시 강남구 개포동 1211-7번지,공동주택,20150903,20150908,20150904,제2종일반주거지역
633,서울특별시 강남구 개포동 1211-9번지,공동주택,20160307, ,20160309,도시지역
634,서울특별시 강남구 개포동 1211-9번지,공동주택, , , ,상대보호구역
635,서울특별시 강남구 개포동 1212번지,업무시설, , , ,제2종일반주거지역
636,서울특별시 강남구 개포동 1212-1번지,업무시설,20090805, ,20090803, 
637,서울특별시 강남구 개포동 1212-1번지,제2종근린생활시설, , , ,제2종일반주거지역
638,서울특별시 강남구 개포동 1212-2번지,공동주택, , , ,제2종일반주거지역
639,서울특별시 강남구 개포동 1212-2번지,제2종근린생활시설, ,20240127, ,도시지역
640,서울특별시 강남구 개포동 1212-4번지,업무시설, , , ,도시지역
641,서울특별시 강남구 개포동 1213번지, , , , , 
642,서울특별시 강남구 개포동 1213번지,공동주택,20151005, ,20151006,제2종일반주거지역
643,서울특별시 강남구 개포동 1213-1번지,공동주택, , , ,제2종일반주거지역
644,서울특별시 강남구 개포동 1213-4번지,제2종근린생활시설, , , ,상대보호구역
645,서울특별시 강남구 개포동 1213-8번지,제2종근린생활시설,20120427, ,20120425,제2종일반주거지역
646,서울특별시 강남구 개포동 1214-4번지,제2종근린생활시설, , , ,제2종일반주거지역
647,서울특별시 강남구 개포동 1214-7번지,제2종근린생활시설, , , ,제2종일반주거지역
648,서울특별시 강남구 개포동 1215-4번지, , , , , 
649,서울특별시 강남구 개포동 1215-4번지,제2종근린생활시설,20191201, ,20191119,제2종일반주거지역
650,서울특별시 강남구 개포동 1216-4번지,공동주택,20120410, ,20120419,도시지역
651,서울특별시 강남구 개포동 1216-6번지,공동주택,20220613, ,20220614,제2종일반주거지역
652,서울특별시 강남구 개포동 1216-7번지, , , , , 
653,서울특별시 강남구 개포동 1216-7번지,공동주택,20190717, ,20190723,제2종일반주거지역
654,서울특별시 강남구 개포동 1217-1번지,제2종근린생활시설, , , ,제2종일반주거지역
655,서울특별시 강남구 개포동 1217-1번지,제2종근린생활시설, , , ,제2종일반주거지역
656,서울특별시 강남구 개포동 1217-4번지,제2종근린생활시설,20040529, ,20050407,제2종일반주거지역
657,서울특별시 강남구 개포동 1217-4번지,제2종근린생활시설, , , ,제2종일반주거지역
658,서울특별시 강남구 개포동 1218-11번지,공동주택,20210526, ,20210531,도시지역
659,서울특별시 강남구 개포동 1218-12번지, , , , , 
660,서울특별시 강남구 개포동 1218-12번지,공동주택,20180717, ,20180712,상대보호구역
661,서울특별시 강남구 개포동 1218-17번지, , , , , 
662,서울특별시 강남구 개포동 1218-17번지,공동주택,20181017, ,20181022,제2종일반주거지역
663,서울특별시 강남구 개포동 1218-19번지,공동주택,20130322, ,20130319,제2종일반주거지역
664,서울특별시 강남구 개포동 1218-21번지,제2종근린생활시설, , , ,제2종일반주거지역
665,서울특별시 강남구 개포동 1219-3번지,단독주택,20120525,20121003,20120529,도시지역
666,서울특별시 강남구 개포동 1219-3번지,공동주택,20120901, ,20120830,도시지역
667,서울특별시 강남구 개포동 1219-3번지, , , , ,제2종일반주거지역
668,서울특별시 강남구 개포동 1219-4번지,단독주택,20120525,20121003,20120529,도시지역
669,서울특별시 강남구 개포동 1219-5번지, , , , ,제2종일반주거지역
670,서울특별시 강남구 개포동 1219-12번지, , , , ,제2종일반주거지역
671,서울특별시 강남구 개포동 1219-12번지, , , , ,제2종일반주거지역
672,서울특별시 강남구 개포동 1219-12번지, , , , ,도시지역
673,서울특별시 강남구 개포동 1219-12번지,제2종근린생활시설,20160212, ,20160205,제2종일반주거지역
674,서울특별시 강남구 개포동 1219-13번지,제1종근린생활시설, , , ,도시지역
675,서울특별시 강남구 개포동 1221-1번지,제2종근린생활시설,20160610, ,20160610,도시지역
676,서울특별시 강남구 개포동 1221-11번지,단독주택, , , ,제2종일반주거지역
677,서울특별시 강남구 개포동 1221-11번지,공동주택,20140711, ,20140710,제2종일반주거지역
678,서울특별시 강남구 개포동 1221-11번지,제2종근린생활시설, , , ,제2종일반주거지역
679,서울특별시 강남구 개포동 1222번지,제1종근린생활시설,20131216, ,20131211,도시지역
680,서울특별시 강남구 개포동 1222-2번지, , , , ,제2종일반주거지역
681,서울특별시 강남구 개포동 1222-2번지,공동주택,20210727, ,20210728,도시지역
682,서울특별시 강남구 개포동 1222-7번지,제2종근린생활시설,20130529, ,20130603,제2종일반주거지역
683,서울특별시 강남구 개포동 1222-9번지,제2종근린생활시설, , , ,제2종일반주거지역
684,서울특별시 강남구 개포동 1223번지,제1종근린생활시설, , , ,상대보호구역
685,서울특별시 강남구 개포동 1223-1번지,제1종근린생활시설, , , ,도시지역
686,서울특별시 강남구 개포동 1223-1번지,제1종근린생활시설, , , ,상대보호구역
687,서울특별시 강남구 개포동 1224-1번지,단독주택,20131001, ,20130924,제2종일반주거지역
688,서울특별시 강남구 개포동 1224-2번지,공동주택,20220328, ,20220331,제2종일반주거지역
689,서울특별시 강남구 개포동 1224-4번지, , , , ,제2종일반주거지역
690,서울특별시 강남구 개포동 1224-4번지,공동주택,20190325, ,20190322,제2종일반주거지역
691,서울특별시 강남구 개포동 1225-2번지,단독주택,20200702, ,20200709,제2종일반주거지역
692,서울특별시 강남구 개포동 1225-3번지,제1종근린생활시설, , , ,제1종일반주거지역
693,서울특별시 강남구 개포동 1226-8번지, , , , , 
694,서울특별시 강남구 개포동 1226-8번지,공동주택,20190306, ,20190312,제2종일반주거지역
695,서울특별시 강남구 개포동 1226-9번지, , , , , 
696,서울특별시 강남구 개포동 1226-9번지,공동주택,20190306, ,20190312,제2종일반주거지역
697,서울특별시 강남구 개포동 1226-11번지,제2종근린생활시설,20110314, ,20110316,도시지역
698,서울특별시 강남구 개포동 1227-2번지,공동주택,20150902, ,20150903,도시지역
699,서울특별시 강남구 개포동 1227-2번지, , , , ,제2종일반주거지역
700,서울특별시 강남구 개포동 1227-3번지,공동주택, , , ,상대보호구역
701,서울특별시 강남구 개포동 1227-7번지,공동주택, , , ,도시지역
702,서울특별시 강남구 개포동 1227-11번지,제2종근린생활시설, , , ,상대보호구역
703,서울특별시 강남구 개포동 1228번지,제2종근린생활시설, , , ,제3종일반주거지역
704,서울특별시 강남구 개포동 1228번지,업무시설,20000711, ,20110412,일반주거지역
705,서울특별시 강남구 개포동 1228-2번지,제2종근린생활시설, , , ,도시지역
706,서울특별시 강남구 개포동 1228-2번지,제2종근린생활시설, , , ,도시지역
707,서울특별시 강남구 개포동 1228-2번지,제2종근린생활시설, , , ,도시지역
708,서울특별시 강남구 개포동 1228-3번지,제2종근린생활시설, , , ,도시지역
709,서울특별시 강남구 개포동 1229번지, , , , ,준주거지역
710,서울특별시 강남구 개포동 1229-1번지,노유자시설,20210118, ,20210127,준주거지역
711,서울특별시 강남구 개포동 1229-2번지, , , , ,준주거지역
712,서울특별시 강남구 개포동 1229-3번지,제2종근린생활시설,20110817, ,20110818,준주거지역
713,서울특별시 강남구 개포동 1229-3번지,제2종근린생활시설,20170927, ,20171020,도시지역
714,서울특별시 강남구 개포동 1229-6번지,업무시설,20180219, ,20180227,도시지역
715,서울특별시 강남구 개포동 1229-8번지, , , , ,준주거지역
716,서울특별시 강남구 개포동 1229-8번지,숙박시설,20160401, ,20160407,준주거지역
717,서울특별시 강남구 개포동 1229-9번지,제1종근린생활시설, , , ,준주거지역
718,서울특별시 강남구 개포동 1229-9번지,제2종근린생활시설,20160720, ,20160726,준주거지역
719,서울특별시 강남구 개포동 1229-10번지,업무시설,20160218, ,20160219,도시지역
720,서울특별시 강남구 개포동 1229-14번지,숙박시설,20121122, ,20121122,준주거지역
721,서울특별시 강남구 개포동 1229-16번지,업무시설, , , ,준주거지역
722,서울특별시 강남구 개포동 1229-16번지,제2종근린생활시설,20220826, ,20220908,상대보호구역
723,서울특별시 강남구 개포동 1230번지,업무시설,20200511, ,20200518,제2종일반주거지역
724,서울특별시 강남구 개포동 1230-7번지,제2종근린생활시설, , , ,상대보호구역
725,서울특별시 강남구 개포동 1230-9번지,제1종근린생활시설, , , ,도시지역
726,서울특별시 강남구 개포동 1230-12번지,의료시설,20160523, ,20160519,제2종일반주거지역
727,서울특별시 강남구 개포동 1231-3번지,제2종근린생활시설,20151120, ,20151120,제2종일반주거지역
728,서울특별시 강남구 개포동 1231-5번지,제2종근린생활시설, , , ,도시지역
729,서울특별시 강남구 개포동 1231-5번지,제2종근린생활시설,20210115, ,20201230,제2종일반주거지역
730,서울특별시 강남구 개포동 1231-8번지,공동주택,20150612, ,20150619,도시지역
731,서울특별시 강남구 개포동 1231-9번지,제2종근린생활시설,20080701, ,20080702,제2종일반주거지역
732,서울특별시 강남구 개포동 1231-9번지,제2종근린생활시설, , , ,제2종일반주거지역
733,서울특별시 강남구 개포동 1231-20번지,제1종근린생활시설, , , ,제2종일반주거지역
734,서울특별시 강남구 개포동 1231-21번지,공동주택,20120824, ,20120824,도시지역
735,서울특별시 강남구 개포동 1231-23번지,제2종근린생활시설, , , ,제2종일반주거지역
736,서울특별시 강남구 개포동 1231-24번지,제2종근린생활시설,20080503, ,20080506,제2종일반주거지역
737,서울특별시 강남구 개포동 1232-6번지,공동주택,20180220, ,20180221,도시지역
738,서울특별시 강남구 개포동 1232-14번지,공동주택,20180220, ,20180221,도시지역
739,서울특별시 강남구 개포동 1233-8번지,공동주택,20160701, ,20160701,도시지역
740,서울특별시 강남구 개포동 1233-10번지,단독주택, , , ,도시지역
741,서울특별시 강남구 개포동 1233-10번지,단독주택,20151228, ,20151229,도시지역
742,서울특별시 강남구 개포동 1233-15번지,제1종근린생활시설, , , ,제2종일반주거지역
743,서울특별시 강남구 개포동 1233-22번지,공동주택,20140905, ,20140902,제2종일반주거지역
744,서울특별시 강남구 개포동 1234-1번지,단독주택,20070803, ,20070802,도시지역
745,서울특별시 강남구 개포동 1234-1번지,단독주택, , , ,도시지역
746,서울특별시 강남구 개포동 1234-6번지,노유자시설, , , ,제2종일반주거지역
747,서울특별시 강남구 개포동 1234-7번지,공동주택,20150717, ,20150710,도시지역
748,서울특별시 강남구 개포동 1234-10번지,공동주택,20121207, ,20121205,제2종일반주거지역
749,서울특별시 강남구 개포동 1234-15번지,제2종근린생활시설, , , ,도시지역
750,서울특별시 강남구 개포동 1234-15번지,제2종근린생활시설, , , ,도시지역
751,서울특별시 강남구 개포동 1234-15번지,제2종근린생활시설, , , ,도시지역
752,서울특별시 강남구 개포동 1234-16번지,제2종근린생활시설, , , ,제2종일반주거지역
753,서울특별시 강남구 개포동 1234-16번지,제2종근린생활시설,20221212, ,20221223,제2종일반주거지역
754,서울특별시 강남구 개포동 1235번지,제2종근린생활시설, , , ,도시지역
755,서울특별시 강남구 개포동 1235-8번지,공동주택,20170824, ,20170825,제2종일반주거지역
756,서울특별시 강남구 개포동 1236-1번지, , , , , 
757,서울특별시 강남구 개포동 1236-1번지,공동주택,20171010, ,20171018,준주거지역
758,서울특별시 강남구 개포동 1236-8번지,공동주택,20090925, ,20090925,도시지역
759,서울특별시 강남구 개포동 1236-11번지,공동주택, , , ,준주거지역
760,서울특별시 강남구 개포동 1236-11번지, , , , , 
761,서울특별시 강남구 개포동 1236-11번지,공동주택,20180126, ,20180201,도시지역
762,서울특별시 강남구 개포동 1236-17번지, , , , , 
763,서울특별시 강남구 개포동 1236-17번지,공동주택,20200301, ,20200326,도시지역
764,서울특별시 강남구 개포동 1236-18번지, , , , , 
765,서울특별시 강남구 개포동 1236-18번지,공동주택,20190415, ,20190417,준주거지역
766,서울특별시 강남구 개포동 1237번지,자동차관련시설,20140729, ,20140801,준주거지역
767,서울특별시 강남구 개포동 1237번지, , , , ,준주거지역
768,서울특별시 강남구 개포동 1237-3번지, , , , , 
769,서울특별시 강남구 개포동 1237-3번지,업무시설,20190422, ,20190426,준주거지역
770,서울특별시 강남구 개포동 1237-5번지,제2종근린생활시설, , , ,준주거지역
771,서울특별시 강남구 개포동 1237-7번지, , , , ,준주거지역
772,서울특별시 강남구 개포동 1237-7번지,공동주택,20200622, ,20200623,준주거지역
773,서울특별시 강남구 개포동 1237-8번지,공동주택,20170105, ,20170106,준주거지역
774,서울특별시 강남구 개포동 1237-11번지,제2종근린생활시설, , , ,도시지역
775,서울특별시 강남구 개포동 1237-16번지, , , , , 
776,서울특별시 강남구 개포동 1237-16번지,공동주택,20170310, ,20170220,준주거지역
777,서울특별시 강남구 개포동 1237-19번지, , , , ,준주거지역
778,서울특별시 강남구 개포동 1238-2번지, , , , ,준주거지역
779,서울특별시 강남구 개포동 1238-3번지,업무시설, , , ,준주거지역
780,서울특별시 강남구 개포동 1238-3번지,업무시설, , , ,준주거지역
781,서울특별시 강남구 개포동 1238-5번지,업무시설,20190213, ,20190214,도시지역
782,서울특별시 강남구 개포동 1238-6번지,제2종근린생활시설,20141203, ,20141216,준주거지역
783,서울특별시 강남구 개포동 1238-6번지,자동차관련시설, , , ,준주거지역
784,서울특별시 강남구 개포동 1238-7번지,제1종근린생활시설, , , ,도시지역
785,서울특별시 강남구 개포동 1238-7번지,제2종근린생활시설, , , ,준주거지역
786,서울특별시 강남구 개포동 1238-9번지,제2종근린생활시설,20210527, ,20210603,준주거지역
787,서울특별시 강남구 개포동 1239-4번지,노유자시설,20151228, ,20160104,도시지역
788,서울특별시 강남구 개포동 1239-4번지,노유자시설, , , ,도시지역
789,서울특별시 강남구 개포동 1239-4번지,노유자시설, , , ,일반주거지역
790,서울특별시 강남구 개포동 1239-4번지,노유자시설, , , ,일반주거지역
791,서울특별시 강남구 개포동 1239-10번지,제2종근린생활시설, , , ,도시지역
792,서울특별시 강남구 개포동 1239-12번지, , , , , 
793,서울특별시 강남구 개포동 1239-12번지,공동주택,20160322, ,20160325,도시지역
794,서울특별시 강남구 개포동 1239-15번지,제2종근린생활시설,20170803, ,20170817,제3종일반주거지역
795,서울특별시 강남구 개포동 1239-16번지,업무시설,20191023, ,20191024,도시지역
796,서울특별시 강남구 개포동 1239-17번지,업무시설, , , ,도시지역
797,서울특별시 강남구 개포동 1239-17번지,업무시설, , , ,도시지역
798,서울특별시 강남구 개포동 1240-5번지,제2종근린생활시설, , , ,도시지역
799,서울특별시 강남구 개포동 1240-6번지,제2종근린생활시설,20111110, ,20111107,제2종일반주거지역
800,서울특별시 강남구 개포동 1240-6번지,제2종근린생활시설, , , ,제2종일반주거지역
801,서울특별시 강남구 개포동 1240-8번지,제2종근린생활시설,20141124, ,20141202,제2종일반주거지역
802,서울특별시 강남구 개포동 1240-8번지,공동주택,20210208, ,20210210,제2종일반주거지역
803,서울특별시 강남구 개포동 1241-4번지, , , , , 
804,서울특별시 강남구 개포동 1241-4번지,공동주택,20120403, ,20120404,제2종일반주거지역
805,서울특별시 강남구 개포동 1241-4번지,단독주택, , , ,제2종일반주거지역
806,서울특별시 강남구 개포동 1242번지,제2종근린생활시설, , , ,제2종일반주거지역
807,서울특별시 강남구 개포동 1242번지,교육연구시설, , , ,제2종일반주거지역
808,서울특별시 강남구 개포동 1243-1번지,공동주택,20111115, ,20111116,도시지역
809,서울특별시 강남구 개포동 1244-2번지,공동주택,20150303, ,20150302,제2종일반주거지역
810,서울특별시 강남구 개포동 1244-5번지,제2종근린생활시설,20111230, ,20111226,제2종일반주거지역
811,서울특별시 강남구 개포동 1244-5번지,제2종근린생활시설,20170710, ,20170717,도시지역
812,서울특별시 강남구 개포동 1244-12번지,공동주택,20170615, ,20170615,제2종일반주거지역
813,서울특별시 강남구 개포동 1244-13번지,공동주택,20160905, ,20160811,제2종일반주거지역
814,서울특별시 강남구 개포동 1245번지,제1종근린생활시설,20221210, ,20221213,도시지역
815,서울특별시 강남구 개포동 1245-3번지, , , , , 
816,서울특별시 강남구 개포동 1245-3번지,공동주택,20180423, ,20180423,제2종일반주거지역
817,서울특별시 강남구 개포동 1245-5번지,공동주택,20161027, ,20161101,제2종일반주거지역
818,서울특별시 강남구 개포동 1245-6번지,제2종근린생활시설, , , ,제2종일반주거지역
819,서울특별시 강남구 개포동 1245-10번지, , , , , 
820,서울특별시 강남구 개포동 1245-10번지,공동주택,20150624, ,20150624,도시지역
821,서울특별시 강남구 개포동 1246-1번지, , , , ,도시지역
822,서울특별시 강남구 개포동 1249번지,단독주택, , , ,도시지역
823,서울특별시 강남구 개포동 1249-1번지,공동주택,20140711, ,20140715,도시지역
824,서울특별시 강남구 개포동 1250-3번지,제2종근린생활시설,20211231, ,20211222,제2종일반주거지역
825,서울특별시 강남구 개포동 1250-6번지,공동주택,20130201, ,20121227,도시지역
826,서울특별시 강남구 개포동 1250-6번지, , , , ,제2종일반주거지역
827,서울특별시 강남구 개포동 1250-7번지,공동주택,20130201, ,20121227,도시지역
828,서울특별시 강남구 개포동 1250-7번지, , , , ,제2종일반주거지역
829,서울특별시 강남구 개포동 1252-1번지,공동주택, , , ,도시지역
830,서울특별시 강남구 개포동 1254-3번지,공동주택,20150703, ,20150707,제2종일반주거지역
831,서울특별시 강남구 개포동 1254-5번지,공동주택,20141223, ,20141222,도시지역
832,서울특별시 강남구 개포동 1255-3번지,공동주택, , , ,제2종일반주거지역
833,서울특별시 강남구 개포동 1255-7번지,공동주택,20211115, ,20211124,제2종일반주거지역
834,서울특별시 강남구 개포동 1256-1번지, , , , , 
835,서울특별시 강남구 개포동 1256-1번지,공동주택,20130614, ,20130531,제2종일반주거지역
836,서울특별시 강남구 개포동 1257번지,공동주택,20160129, ,20160129,제2종일반주거지역
837,서울특별시 강남구 개포동 1257-8번지,제2종근린생활시설, , , ,제2종일반주거지역
838,서울특별시 강남구 개포동 1257-12번지, , , , , 
839,서울특별시 강남구 개포동 1257-12번지,공동주택,20160427, ,20160428,도시지역
840,서울특별시 강남구 개포동 1258-5번지,제1종근린생활시설,20090401, ,20090330,제2종일반주거지역
841,서울특별시 강남구 개포동 1258-6번지,업무시설, , , ,제2종일반주거지역
842,서울특별시 강남구 개포동 1259-1번지,제2종근린생활시설,20151027, ,20151027,도시지역
843,서울특별시 강남구 개포동 1259-1번지,제2종근린생활시설, , , ,도시지역
844,서울특별시 강남구 개포동 1259-7번지,제1종근린생활시설, , , ,도시지역
845,서울특별시 강남구 개포동 1259-8번지,제1종근린생활시설, , , ,제2종일반주거지역
846,서울특별시 강남구 개포동 1259-8번지,제2종근린생활시설, , , ,제2종일반주거지역
847,서울특별시 강남구 개포동 1260번지,제2종근린생활시설, , , ,중심상업지역
848,서울특별시 강남구 개포동 1260-7번지,단독주택,20180604, ,20180601,도시지역
849,서울특별시 강남구 개포동 1260-7번지,단독주택, , , ,제2종일반주거지역
850,서울특별시 강남구 개포동 1261번지,업무시설, , , ,도시지역
851,서울특별시 강남구 개포동 1261-6번지,공동주택,20130222, ,20130225,도시지역
852,서울특별시 강남구 개포동 1262-4번지,공동주택,20210713, ,20210714,제2종일반주거지역
853,서울특별시 강남구 개포동 1262-5번지,공동주택,20160805, ,20160811, 
854,서울특별시 강남구 개포동 1262-10번지,제1종근린생활시설, , , ,제2종일반주거지역
855,서울특별시 강남구 개포동 1262-10번지,제2종근린생활시설,20200824, ,20200824,제2종일반주거지역
856,서울특별시 강남구 개포동 1262-11번지,제2종근린생활시설,20180801, ,20180726,상대보호구역
857,서울특별시 강남구 개포동 1262-12번지,공동주택,20210720, ,20210721,상대보호구역
858,서울특별시 강남구 개포동 1262-13번지,공동주택,20210720, ,20210721,상대보호구역
859,서울특별시 강남구 개포동 1262-14번지,제2종근린생활시설, , , ,도시지역
860,서울특별시 강남구 개포동 1263-6번지,공동주택, , , ,제2종일반주거지역
861,서울특별시 강남구 개포동 1263-7번지,공동주택,20120330, ,20120330,제2종일반주거지역
862,서울특별시 강남구 개포동 1263-7번지,공동주택, , , ,제2종일반주거지역
863,서울특별시 강남구 개포동 1264-4번지,공동주택,20150626, ,20150629,제2종일반주거지역
864,서울특별시 강남구 개포동 1264-8번지,공동주택,20151015, ,20151014,제2종일반주거지역
865,서울특별시 강남구 개포동 1264-9번지, , , , , 
866,서울특별시 강남구 개포동 1264-9번지,제2종근린생활시설,20190629, ,20190703,제2종일반주거지역
867,서울특별시 강남구 개포동 1264-13번지,공동주택,20220415, ,20220414,도시지역
868,서울특별시 강남구 개포동 1265-2번지,공동주택,20150210, ,20150216,제2종일반주거지역
869,서울특별시 강남구 개포동 1265-3번지, , , , , 
870,서울특별시 강남구 개포동 1265-3번지,공동주택,20150713, ,20150715,제2종일반주거지역
871,서울특별시 강남구 개포동 1265-7번지,공동주택,20180220, ,20180327,도시지역
872,서울특별시 강남구 개포동 1265-12번지,단독주택, , , ,도시지역
873,서울특별시 강남구 개포동 1266번지, , , , , 
874,서울특별시 강남구 개포동 1267번지, , , , ,도시지역
875,서울특별시 강남구 개포동 1267번지, , , , ,제1종일반주거지역
876,서울특별시 강남구 개포동 산 72-3번지, , , , ,자연녹지지역
877,서울특별시 강남구 개포동 블록 개포시영주택재개발지구지구 2공구블록 1번로트, , , , , 
878,서울특별시 강남구 개포동 블록 개포주공4단지 주택재건축정비사업지구, , , , , 
879,서울특별시 강남구 개포동 블록 개포자이프레지던스지구 189번지블록, , , , , 
